side,month,trade_count,avg_gross_bps,avg_net_bps,hit_rate,monthly_return
long,2025-01,20,15.744260121482098,14.7442601214821,0.7,0.029576721404099393
long,2025-02,47,11.516353152041148,10.516353152041148,0.5319148936170213,0.05002304838489113
long,2025-03,2,5.0846673136145,4.084667313614499,1.0,0.0008169407656881678
long,2025-04,16,-0.47697305357455605,-1.4769730535745562,0.375,-0.0023701570389025317
long,2025-05,69,2.6022820169799235,1.6022820169799223,0.5507246376811594,0.01093744264134311
long,2025-06,13,6.360901703467898,5.3609017034679,0.6923076923076923,0.006986652437641183
long,2025-07,36,1.7801318461301758,0.7801318461301757,0.6111111111111112,0.0027574068247859795
long,2025-08,58,0.8378773019648327,-0.16212269803516757,0.4482758620689655,-0.0010703769544289088
long,2025-09,3,2.3928252990558962,1.3928252990558958,0.3333333333333333,0.0004168132408635117
long,2025-10,89,-1.234905990953021,-2.2349059909530244,0.5056179775280899,-0.027371996145717725
long,2025-11,29,3.2546190492439244,2.2546190492439218,0.5862068965517241,0.006426576911166881
long,2025-12,9,-32.53668694289466,-33.53668694289466,0.4444444444444444,-0.029892031438538802
short,2025-01,20,5.376407651793201,4.376407651793199,0.7,0.00869700740202628
short,2025-02,51,3.5021107503229576,2.5021107503229585,0.6078431372549019,0.012744900540252457
short,2025-03,11,6.910168280628363,5.910168280628364,0.5454545454545454,0.006510166181325383
short,2025-04,8,2.5952043252036257,1.5952043252036245,0.5,0.0012647062095429984
short,2025-05,88,0.6396508651644834,-0.3603491348355161,0.5113636363636364,-0.0033717093037520796
short,2025-06,13,0.319239124205717,-0.6807608757942833,0.46153846153846156,-0.000888707964619484
short,2025-07,44,1.1972997708420696,0.19729977084206962,0.5681818181818182,0.0008228004334256411
short,2025-08,36,-4.390188928478675,-5.390188928478676,0.4166666666666667,-0.0192749758860975
short,2025-09,10,-2.5069648557880004,-3.5069648557879995,0.6,-0.003506191459588859
short,2025-10,88,-3.195295297764314,-4.195295297764313,0.5,-0.03649676276695446
short,2025-11,26,4.475490308370422,3.4754903083704236,0.5769230769230769,0.00899981995576904
short,2025-12,6,2.8637715082034996,1.8637715082035,0.6666666666666666,0.0011178398850884008
long_short,2025-01,40,10.56033388663765,9.560333886637652,0.7,0.03853095777110416
long_short,2025-02,98,7.3456759838000485,6.3456759838000485,0.5714285714285714,0.06340548770152932
long_short,2025-03,13,6.629321978010845,5.629321978010846,0.6153846153846154,0.007332425367158502
long_short,2025-04,24,0.5470860726848378,-0.45291392731516217,0.4166666666666667,-0.0011084483816837798
long_short,2025-05,157,1.5022085051343261,0.5022085051343257,0.5286624203821656,0.007528855460477102
long_short,2025-06,26,3.340070413836808,2.3400704138368082,0.5769230769230769,0.006091735379353924
long_short,2025-07,80,1.4595742047217173,0.4595742047217172,0.5875,0.0035824760537419564
long_short,2025-08,94,-1.1643608288433185,-2.1643608288433196,0.43617021276595747,-0.020324721350541974
long_short,2025-09,13,-1.376244050824024,-2.3762440508240235,0.5384615384615384,-0.0030908396457502985
long_short,2025-10,177,-2.20956282145807,-3.209562821458071,0.5028248587570622,-0.06286976966288338
long_short,2025-11,55,3.8317581899219046,2.8317581899219046,0.5818181818181818,0.01548423490206896
long_short,2025-12,15,-18.376503562455397,-19.376503562455397,0.5333333333333333,-0.028807606058438684
